images,label
frame_0028.jpg,0
frame_0014.jpg,0
v1_15_jpg.rf.b9cfa69954aa0f57b70d5c20ab441db8.jpg,0
v1_6_jpg.rf.5778019b607f9276218604aeb610a695.jpg,0
v1_55_jpg.rf.855356ecf885bfc77a26ebf9f0e71471.jpg,0
22_jpg.rf.456414f74106d63a25df0a3e97666486.jpg,0
000436.jpg,0
000422.jpg,0
v1_35_jpg.rf.646ef7c315363d85def0b15fbb0ba4d7.jpg,0
11_jpg.rf.fab0dbc18058c5c2efd2c2722fb0dd32.jpg,0
frame_0216.jpg,0
v1_1_jpg.rf.c119ef194a6cd1404c5751b9d3c5ec6b.jpg,0
v1_37_jpg.rf.ed5895072787d31d85640c202126d192.jpg,0
v1_75_jpg.rf.fb2111cf138926d1cec275051f1d1cf4.jpg,0
frame_0202.jpg,0
v1_25_jpg.rf.3e602735427cfb4554e2eb89b1e16dcd.jpg,0
v1_86_jpg.rf.c52bcc99200439276f61b26252332e58.jpg,0
v1_38_jpg.rf.f0f6fb05d5ccd728d753092dfa2e9973.jpg,0
28_jpg.rf.072aedc36c0d31f1931f8e8ba3b934da.jpg,0
v1_72_jpg.rf.e7b157a6ca81ed5b5e3b0eb9c26c8c2f.jpg,0
44_jpg.rf.9c0d16ae78a79f22bc4bffd3b13d9cbc.jpg,0
27_jpg.rf.5cf5447ab69cdcd4e509a0488053ce14.jpg,0
frame_0148.jpg,0
frame_0160.jpg,0
v1_18_jpg.rf.a5892fc2ff10dfe8a181d58ebcf707b4.jpg,0
frame_0174.jpg,0
frame_0175.jpg,0
v1_32_jpg.rf.f7314f9af7a0cb20a5fa06fe2041267b.jpg,0
6_jpg.rf.f76bbaa676d0318db87971b2fbcc0af6.jpg,0
frame_0161.jpg,0
frame_0149.jpg,0
v1_66_jpg.rf.7f3ea225d21992aa3fd80cf0d0c392ea.jpg,0
v1_65_jpg.rf.7c2cf4e31b6933fdbb3858000532d372.jpg,0
v1_23_jpg.rf.b57f4594f61383b399ed5fa402e6484b.jpg,0
v1_28_jpg.rf.6d86d7b6ddf327b9d6801d63c87d646b.jpg,0
v1_50_jpg.rf.a462918789c4466828fef81fae444391.jpg,0
49_jpg.rf.33bd78a96fd9b48a867bbd7502396177.jpg,0
frame_0203.jpg,0
v1_59_jpg.rf.9fe90b3dd5341e47213d86cc572d20d6.jpg,0
000423.jpg,0
v1_31_jpg.rf.404497e87288dd4effb26dcfa2977b5d.jpg,0
000437.jpg,0
v1_86_jpg.rf.8a40aab7f372ab558fbca047701d835c.jpg,0
frame_0001.jpg,0
v2_1_jpg.rf.4a11e3e3616c8f4cdfb21c1ef78ff02f.jpg,0
v2_22_jpg.rf.a2afd8dd1fd09e416af1fd89826e50e6.jpg,0
v1_47_jpg.rf.bceac85e17f45a77236feca75ce1169c.jpg,0
frame_0015.jpg,0
v1_30_jpg.rf.d4cafd97df7de8dbc480d48b9b3e27d0.jpg,0
frame_0029.jpg,0
v1_32_jpg.rf.9529535f79ccc88b6c2cc11b820ef299.jpg,0
38_jpg.rf.49e2b336d9c54b183f008d0a6c9d0d55.jpg,0
v2_26_jpg.rf.e9127cfce757f80f70bc4a7de0fe8ea6.jpg,0
v1_0_jpg.rf.e2ca33d3d0fddf3445434766b8820c9b.jpg,0
v1_68_jpg.rf.acdabd0ac8547882105bf8949dace92e.jpg,0
v1_77_jpg.rf.c12d9f0fca26a50e1049aa6e2b8a78e5.jpg,0
frame_0003.jpg,0
frame_0017.jpg,0
000421.jpg,0
v1_36_jpg.rf.6783302cf6834b9608b318e2e39338b9.jpg,0
000435.jpg,0
v1_44_jpg.rf.7288ac15ff610c827d05d154f1a7825b.jpg,0
frame_0201.jpg,0
frame_0215.jpg,0
v1_20_jpg.rf.23cad50b706a247b34a969f05e544945.jpg,0
v2_22_jpg.rf.c46412dd1b86f3209886278a86d806a9.jpg,0
15_jpg.rf.6acf7a8f208d118d1af90ca4c3fefcd5.jpg,0
frame_0188.jpg,0
v1_68_jpg.rf.bba808288cf89c45e5fef55f5d151495.jpg,0
v1_70_jpg.rf.6480fa8ac28e6570fa5cced5c1e8ca45.jpg,0
15_jpg.rf.b18d092ac223007e2db73f48a4583bd1.jpg,0
47_jpg.rf.41ef89453efd8375dc734fce65be3d9e.jpg,0
v1_62_jpg.rf.4ebccfbedfb0208f649746cbc1b49de6.jpg,0
frame_0177.jpg,0
v1_86_jpg.rf.da281ad6c9fdc31d3a3c324db68a94ce.jpg,0
frame_0163.jpg,0
v1_36_jpg.rf.b9fb3f1596f54ac6e504938e3c20cc80.jpg,0
frame_0162.jpg,0
v1_8_jpg.rf.af08a3ee3be3650875330b9409b46d55.jpg,0
frame_0176.jpg,0
41_jpg.rf.56873fb1cb6667d9ca3947088c09f648.jpg,0
v2_13_jpg.rf.63cfe29abf016823c8810c30682ec8df.jpg,0
v1_77_jpg.rf.763713fde77e9e9042978d22d60a21d1.jpg,0
v1_16_jpg.rf.c4b8fbe45cb9f1cac2a1eace3d9d6625.jpg,0
frame_0189.jpg,0
v1_67_jpg.rf.46ea3acdefaed75383dd5a954d4cb334.jpg,0
frame_0214.jpg,0
frame_0200.jpg,0
v1_10_jpg.rf.c4d1c51fd6dbf93acdf0d58f2dbb1caf.jpg,0
v1_13_jpg.rf.fd483dd4af9d56b368f4ada648b96dfc.jpg,0
000434.jpg,0
v1_61_jpg.rf.55e33f8062bebd205e4aff753819e496.jpg,0
000420.jpg,0
v1_27_jpg.rf.cf150090ef927d204e4b6785d50c72d3.jpg,0
frame_0016.jpg,0
frame_0002.jpg,0
v1_81_jpg.rf.89bc1cd09e5400ddb5c0f4c9fa8636fd.jpg,0
v1_82_jpg.rf.8b1af2c3950a8aecff03ffe9a02fb4b5.jpg,0
16_jpg.rf.2d5f81685231edeeb31df75029833be8.jpg,0
v1_1_jpg.rf.35f90262164282813acd88d4171c0cc7.jpg,0
v1_37_jpg.rf.bd6e4da686245eb007fb788a9aa0742c.jpg,0
frame_0006.jpg,0
frame_0012.jpg,0
v1_38_jpg.rf.18ed641991967e9ff31e7f5304268a55.jpg,0
000424.jpg,0
000430.jpg,0
v1_33_jpg.rf.ee91c5f2e930d8dc6a3fab45eb01be3f.jpg,0
000418.jpg,0
v2_28_jpg.rf.2bece520a42f17d841002ca017c5611f.jpg,0
frame_0204.jpg,0
frame_0210.jpg,0
47_jpg.rf.d806ceb5f6e695a17eaff4ebe164ca2a.jpg,0
v1_76_jpg.rf.aa5f896f239a19cbffc2972776376e8c.jpg,0
39_jpg.rf.3d79b830d8a2aa7d1177be32c4d2bf96.jpg,0
.DS_Store,0
v1_45_jpg.rf.f664f812aaee1daa8658531b9fae6910.jpg,0
v1_12_jpg.rf.09ee0087a0f5bd7b32d42bcca2f6118d.jpg,0
30_jpg.rf.8a39f8c2bfca3bac92d38b9b24215137.jpg,0
v1_28_jpg.rf.d886f5997ac9da5d755642115b894fde.jpg,0
frame_0199.jpg,0
frame_0172.jpg,0
frame_0166.jpg,0
v1_34_jpg.rf.a4f34b06079ec0f60437a7a25efa3d3f.jpg,0
v2_15_jpg.rf.212e19e9d9e8505b1b1a94839a0f797e.jpg,0
frame_0167.jpg,0
frame_0173.jpg,0
v1_74_jpg.rf.4d52d9971175ffd3f65522f93ad1d1ab.jpg,0
v1_15_jpg.rf.f743788da5585e35da34f69bba7fe6f3.jpg,0
frame_0198.jpg,0
v1_79_jpg.rf.d1ff5127f850be7151a3d08b9caaae99.jpg,0
v1_18_jpg.rf.fe3e56a186cb1b103781b945ee0c33e7.jpg,0
23_jpg.rf.b0f796a267e6d9ecd74c9acfbce3466a.jpg,0
v2_13_jpg.rf.9fbfa89868c1a1eef48705a28bea9492.jpg,0
47_jpg.rf.232edf081ace7410962dcebe119c5d0f.jpg,0
frame_0211.jpg,0
v1_23_jpg.rf.5c42d7f209fbcfed4d2d24638b795204.jpg,0
v1_73_jpg.rf.90c2589066001399722ea62d866caccf.jpg,0
frame_0205.jpg,0
000419.jpg,0
v2_18_jpg.rf.9fdc41b22397dfdf54badb6174ed8a7a.jpg,0
000431.jpg,0
000425.jpg,0
v1_80_jpg.rf.ec8cdef7145e5ed0a5d889f232fc191a.jpg,0
frame_0013.jpg,0
frame_0007.jpg,0
14_jpg.rf.ef063999850fa71f1b439aac9a7e7850.jpg,0
v1_7_jpg.rf.42b2a3b2a5730238728c0dda7f82c296.jpg,0
frame_0011.jpg,0
v1_42_jpg.rf.ffb7241d30db77b3b949e82bf7b4e2f3.jpg,0
37_jpg.rf.8bc3cddcde46234e53732b17d3ad9ac4.jpg,0
frame_0005.jpg,0
17_jpg.rf.15f7561bed1d43e9fc2a0ff239233fe3.jpg,0
frame_0039.jpg,0
000433.jpg,0
v1_1_jpg.rf.8819e44f4c6d465d76aee8a7dcc05366.jpg,0
000427.jpg,0
16_jpg.rf.b50334d7b03c7593c1b7a20202fb60fd.jpg,0
frame_0213.jpg,0
frame_0207.jpg,0
5_jpg.rf.55c97288b55819afd47893b9d265196f.jpg,0
21_jpg.rf.6074ec33e784f82fae21bb0998d70754.jpg,0
v1_84_jpg.rf.c47866d7f81be46d8bc4de1d9fb67b17.jpg,0
frame_0165.jpg,0
v1_19_jpg.rf.da4e808520a50ea1b58fac99f943e9b6.jpg,0
frame_0171.jpg,0
v1_70_jpg.rf.074fc14feb76b38e000f91f882299aee.jpg,0
frame_0159.jpg,0
v1_78_jpg.rf.51010351a2241f1b8212827d1bad28b5.jpg,0
frame_0158.jpg,0
frame_0170.jpg,0
v1_24_jpg.rf.0bd0b6164051590d7b7603f0bc2b844e.jpg,0
frame_0164.jpg,0
v2_16_jpg.rf.a2296c82d9636df6406cc37b552cd43c.jpg,0
12_jpg.rf.e710236b89b5f6313d52d8db7ec04b3e.jpg,0
6_jpg.rf.13e6d07b85db7e2a4cb827305e09dbe1.jpg,0
42_jpg.rf.5e1b4f41a4a6772a18f68421338c6dd6.jpg,0
32_jpg.rf.1446a8234c2a6d9e601a99e989373355.jpg,0
v1_60_jpg.rf.6437d7266618afeccded6d01e5eecf2a.jpg,0
43_jpg.rf.5731fe6bc66407e18bca68a99fcd8623.jpg,0
frame_0206.jpg,0
frame_0212.jpg,0
v2_19_jpg.rf.ab8a268c640b0978388c3f67c04365dd.jpg,0
v2_22_jpg.rf.b80fce6d27b01e40e50dffe3be2055e2.jpg,0
000426.jpg,0
000432.jpg,0
frame_0038.jpg,0
22_jpg.rf.df7c0b9177c51e8641539986ee414d7e.jpg,0
frame_0004.jpg,0
frame_0010.jpg,0
v1_84_jpg.rf.1fc7a1f03e10fd4100cb54bad22bb359.jpg,0
frame_0088.jpg,0
v1_47_jpg.rf.3d9cee2abca80ba4a6a8791ce1b5d585.jpg,0
v2_28_jpg.rf.2b3f9a16950aa91e74e2414658197d56.jpg,0
frame_0077.jpg,0
frame_0063.jpg,0
4_jpg.rf.199c5fb62eb1c04504947e48649fbfa1.jpg,0
000455.jpg,0
000441.jpg,0
v1_14_jpg.rf.f8b5a8daf8f76ec652587a4f6f00fe76.jpg,0
000496.jpg,0
000482.jpg,0
v1_20_jpg.rf.852359876d096c7dd69c3718494aee3f.jpg,0
000509.jpg,0
v2_23_jpg.rf.c7450b33e1100a5de72e0ce1d70a2c8d.jpg,0
v1_33_jpg.rf.27ad924984b1f29feb9f5cbfd1bbfe3a.jpg,0
v1_72_jpg.rf.24e81a9ebc0b673d55d5a74bbb9b94c2.jpg,0
frame_0103.jpg,0
7_jpg.rf.8a78058626f039005997e9fc8d23da5a.jpg,0
25_jpg.rf.9fffaf208782335502b1614fd68e0c90.jpg,0
12_jpg.rf.5dfb1dd0450592ca0e7e3d01b79f70fd.jpg,0
frame_0117.jpg,0
v1_58_jpg.rf.088634ffe8192521f12920642621d1be.jpg,0
frame_0116.jpg,0
frame_0102.jpg,0
v1_29_jpg.rf.00fbe2b4cd392af4bde79fce024dd2bc.jpg,0
46_jpg.rf.bcf85c6f9e8cdacfc134e8ba1259a56d.jpg,0
v1_11_jpg.rf.eff7da2012629d22bd3f1f49490a47ca.jpg,0
v1_29_jpg.rf.6bac04a560ab1737a441de8795d3f6d5.jpg,0
000508.jpg,0
v1_50_jpg.rf.7d3a54037da6166472c2855e098775bf.jpg,0
36_jpg.rf.6e266ad53495b073633a7fd3279ab6a1.jpg,0
v1_43_jpg.rf.6d26b0a68d36ee48e6798aea9c038db1.jpg,0
v1_55_jpg.rf.9e83c094f01d00fb9f1c3796d7602358.jpg,0
v1_76_jpg.rf.0336d8c81e37a70ede1fed2aa0b0b05c.jpg,0
000483.jpg,0
000497.jpg,0
24_jpg.rf.0b0a3df4e744822bef8bbc61b56f6b9b.jpg,0
000440.jpg,0
000454.jpg,0
6_jpg.rf.e2f746d6261da7f427b608fcdf8e08b1.jpg,0
28_jpg.rf.23a3bcd9de00d9c7dba69460a7147b59.jpg,0
v1_53_jpg.rf.476810c37e706c8e95dbc49fc065ffea.jpg,0
50_jpg.rf.2ff3b18b594befb860ebd3dc38e123f5.jpg,0
frame_0062.jpg,0
frame_0076.jpg,0
v1_46_jpg.rf.8ddd109b94b08a1e5b874bb27af22b26.jpg,0
v1_55_jpg.rf.618eb11d3f7db4879ea590ac08d182be.jpg,0
v1_49_jpg.rf.58090cdc52ed436fabe1a89c79423f6d.jpg,0
frame_0089.jpg,0
v1_51_jpg.rf.f550b5840c72823d3d6d115ebaf06612.jpg,0
v1_9_jpg.rf.b9ae70afd1a9747e1ce3b63e002c84da.jpg,0
frame_0048.jpg,0
v1_7_jpg.rf.1792d52ef75d532e1666de0aaf2db3b4.jpg,0
frame_0060.jpg,0
frame_0074.jpg,0
15_jpg.rf.e59308f539fcd1ea066c893182190f29.jpg,0
000442.jpg,0
000456.jpg,0
50_jpg.rf.23bb368e5c44f061467d6692ed3bb29b.jpg,0
000481.jpg,0
v2_20_jpg.rf.ea2021c4fcfd15611086c6c97e483f3f.jpg,0
v1_6_jpg.rf.47674acb46aa035342718db185213cf1.jpg,0
000495.jpg,0
v1_73_jpg.rf.2374ac990fbdbab4c01338f56e291a5b.jpg,0
v1_63_jpg.rf.52f70be01acd614f27961d123b2e20cd.jpg,0
frame_0128.jpg,0
v1_57_jpg.rf.727b6dea23dcae5e76ed1671b9500f1e.jpg,0
frame_0114.jpg,0
frame_0100.jpg,0
18_jpg.rf.2ee0f67e8e727b367f37d431ebdcc91d.jpg,0
frame_0101.jpg,0
frame_0115.jpg,0
44_jpg.rf.185539ab49fac28ecb75d4d5e4ef2651.jpg,0
frame_0129.jpg,0
v2_1_jpg.rf.dd808653d5596108016de68653cbe3d1.jpg,0
v1_76_jpg.rf.540b893730c52bb9bda5a9ca0186c287.jpg,0
v1_22_jpg.rf.b9a318b8f3aa22112fd959d181ac7550.jpg,0
v1_72_jpg.rf.a3bfca664561a414ea906e62fefdaeaf.jpg,0
v2_11_jpg.rf.d318ebc52ae55cd46666fc3667292eaa.jpg,0
3_jpg.rf.8734a90fe7751e3c59c7b5800ec882c9.jpg,0
v1_61_jpg.rf.ca0297ab343f03d2e1bce16b469a4202.jpg,0
v1_2_jpg.rf.c46929b7a6106490c48df6a7f35ea538.jpg,0
v2_12_jpg.rf.2f81903e2f02472e2ba69ce01818606f.jpg,0
37_jpg.rf.6a4f2c1a56b4ada8ece8bd6bb189b2a3.jpg,0
14_jpg.rf.bb6c86688781808149c1dd1369172d6b.jpg,0
v1_4_jpg.rf.d726f9dc0cfb855008256cb9dd789483.jpg,0
v1_57_jpg.rf.b7d3bc24ea1ae8c9127ca8b2605ee42b.jpg,0
32_jpg.rf.9fd1e3d5cf8bccb42e166bb2abfd8931.jpg,0
v1_66_jpg.rf.c270c47a1540e4496ead18ba4197cac7.jpg,0
000494.jpg,0
000480.jpg,0
36_jpg.rf.50ec3c33b99aba9e4a6f54bb382c5fff.jpg,0
v1_19_jpg.rf.236a1e41fd996df55617e987886ac460.jpg,0
000457.jpg,0
000443.jpg,0
v1_22_jpg.rf.70dae6a7e30aabeb939e58838fee5653.jpg,0
frame_0075.jpg,0
v1_12_jpg.rf.8ccf09f9dc90f26ddd7b351d2b527fed.jpg,0
v2_10_jpg.rf.2629faf08b22503232a9fc79eae54920.jpg,0
frame_0061.jpg,0
frame_0049.jpg,0
v1_19_jpg.rf.2075a38f64df5db9ce758fb6f50a1d3b.jpg,0
v1_54_jpg.rf.63ca8701feff7800f7e372fb3862c880.jpg,0
v1_24_jpg.rf.cc2e1c54d831e39a993be8c5ea8fc830.jpg,0
12_jpg.rf.0a8cbadafa722ff6d7cb22459af01689.jpg,0
4_jpg.rf.69fde180e51a228b48a375e673c62b94.jpg,0
v1_51_jpg.rf.2778bdbd1353378993783e4f1c693b29.jpg,0
frame_0065.jpg,0
frame_0071.jpg,0
28_jpg.rf.133cf001c5685fe6cc9f054e8f726c72.jpg,0
frame_0059.jpg,0
000447.jpg,0
000453.jpg,0
000484.jpg,0
000490.jpg,0
v1_59_jpg.rf.cb27f618822f8e22257f8138fece29f5.jpg,0
v1_58_jpg.rf.f44c5610e0166e22ba29f41d66d9b779.jpg,0
v1_69_jpg.rf.ee1e4532febeed6ff21e688ce21aed90.jpg,0
v2_13_jpg.rf.c63818f40d8cfe434ddabc2a788317f5.jpg,0
7_jpg.rf.e2d86a397ba1c1686211ebc640376888.jpg,0
v2_1_jpg.rf.1c0ef94df5e8e03814333dd55000f08e.jpg,0
frame_0111.jpg,0
frame_0105.jpg,0
50_jpg.rf.6fb0ce9bea6bf29151859121c646fc26.jpg,0
v1_31_jpg.rf.52421fcd1d17478dfc00ae12e46aa046.jpg,0
frame_0139.jpg,0
frame_0138.jpg,0
frame_0104.jpg,0
v2_17_jpg.rf.940193ba0d15be402cc1341e257d3491.jpg,0
27_jpg.rf.6763ae416d74f1601e4af807f7d5f747.jpg,0
v1_71_jpg.rf.01a71eeddd1f1b43eba3b0db0d7b6977.jpg,0
frame_0110.jpg,0
v1_36_jpg.rf.2e0507645360e3aec45c802ef931c602.jpg,0
v1_8_jpg.rf.a9f23c09b4a0fd9bb67a9ad705d33ba9.jpg,0
v1_13_jpg.rf.cf9e0f467846112e864024d5f99e9923.jpg,0
v2_0_jpg.rf.0589b8488d120dcfa316d082d69268be.jpg,0
v1_34_jpg.rf.10ffde5d3eb1b3c7a205303365d0505d.jpg,0
1_jpg.rf.ef0759cbe8cb63e191673f773ab31f71.jpg,0
25_jpg.rf.8176bd29047f33f6f4b4d12ecdac89c2.jpg,0
49_jpg.rf.8b27e680bd405783f6c6a8c3ba0bf163.jpg,0
v1_4_jpg.rf.a7701268c0b72ebf7c21a7d15c00bda8.jpg,0
43_jpg.rf.6be31402e45f88bc09ae665a30fb8f00.jpg,0
000491.jpg,0
000485.jpg,0
26_jpg.rf.d349bb3a3f7c0e9a024809c33679daff.jpg,0
000452.jpg,0
000446.jpg,0
v1_5_jpg.rf.aa5995019168bf1a931d29dbfb07be0a.jpg,0
frame_0058.jpg,0
frame_0070.jpg,0
frame_0064.jpg,0
v1_80_jpg.rf.efe8bfe8951cf46ff832a833efc44112.jpg,0
frame_0099.jpg,0
frame_0072.jpg,0
frame_0066.jpg,0
23_jpg.rf.7a0d20e499d289b555dba0d10e88e810.jpg,0
000450.jpg,0
29_jpg.rf.9fe2e534b66d6dced9817678cf74096e.jpg,0
000444.jpg,0
v1_46_jpg.rf.2fbb4d9544db1eb159fb2c36a93d4188.jpg,0
v1_70_jpg.rf.901681ea332e7a45d091a63f0fb687a3.jpg,0
v1_56_jpg.rf.6e722a54df1f6590cbf442f679cd30b1.jpg,0
18_jpg.rf.756c0db72b3bd2cb2d725d199bdbb1d6.jpg,0
v1_42_jpg.rf.6dfe801b0263b27012c986f4fea0917e.jpg,0
v2_11_jpg.rf.661f69fb0c2c89e1c0875c084e7c7efe.jpg,0
000493.jpg,0
v1_49_jpg.rf.56b122bb6babc942a14e1cbba7f8b7bb.jpg,0
000487.jpg,0
13_jpg.rf.da524790efbed297476d68afb8f77d5e.jpg,0
v1_12_jpg.rf.ae580c4cc9b9e48018a508e3d9101db3.jpg,0
v2_21_jpg.rf.e8f4507c813fb15565ad5775dda3472a.jpg,0
1_jpg.rf.27574505d54bc181fe7c11ee034c314d.jpg,0
8_jpg.rf.05e9e2de3e6f23aaf566d8960e445bd2.jpg,0
v1_64_jpg.rf.3b472070f13ec719bf25e2a84e6dbb9a.jpg,0
v1_60_jpg.rf.f6c1d46b63f23cc65fcb52a2d1345d8e.jpg,0
frame_0106.jpg,0
frame_0112.jpg,0
v1_6_jpg.rf.b5b9ffeac58dbc39ad9c8165dd085e44.jpg,0
frame_0113.jpg,0
frame_0107.jpg,0
v1_35_jpg.rf.c179c135c4b667da8c8c62b09f942f5c.jpg,0
v2_17_jpg.rf.f29c0fb82a0a148076af90977ccc6a3c.jpg,0
2_jpg.rf.3faa1a217ae5ce9dcaa3a24133311ca6.jpg,0
000486.jpg,0
000492.jpg,0
20_jpg.rf.f9b0030bb9da0a7fce9025de8f2d11cb.jpg,0
19_jpg.rf.b2d6068d188f03f059712cf1cc0f8b76.jpg,0
000445.jpg,0
000451.jpg,0
11_jpg.rf.a7d8385ab9b405bdad143580805e511d.jpg,0
frame_0067.jpg,0
frame_0073.jpg,0
4_jpg.rf.f3ab5bc0e6fc1a677451ef0a7543da4f.jpg,0
frame_0098.jpg,0
36_jpg.rf.e05406451b78739943f686558f6faad6.jpg,0
v1_78_jpg.rf.d87d19d9caf957c1d6b8102585cbe2ae.jpg,0
48_jpg.rf.b2600ec997dd02c5991842243a4ee114.jpg,0
v1_75_jpg.rf.bc73b9c92a91b36424ce28b5adc25a73.jpg,0
frame_0095.jpg,0
35_jpg.rf.56fcdb29bb3f0aa0a3d60f9378999792.jpg,0
frame_0081.jpg,0
frame_0056.jpg,0
v2_27_jpg.rf.2726e5f75f26fbd3c7202a7d0a84c70c.jpg,0
frame_0042.jpg,0
000448.jpg,0
v1_71_jpg.rf.b2199daede0d1648271f1aded1e47474.jpg,0
33_jpg.rf.f016ebddf2e9e23de46c513d767c1b90.jpg,0
21_jpg.rf.e314166674f35fce842be7e599572615.jpg,0
000500.jpg,0
000514.jpg,0
v1_15_jpg.rf.e2c862b34287eb80936af5d78a9ec5b8.jpg,0
5_jpg.rf.58cd7decdcd954eaa2024236f4cd74bc.jpg,0
17_jpg.rf.3a2a57505475115862c40dcb2f0af808.jpg,0
v1_56_jpg.rf.302c4f78b31dc576480199e1f36bedf9.jpg,0
v2_20_jpg.rf.fe4a81b9894a92856733366e791a4a11.jpg,0
frame_0122.jpg,0
v1_30_jpg.rf.732ced6fd31044123021ae7c944056e8.jpg,0
frame_0136.jpg,0
45_jpg.rf.5a2fda665d5f49a2719b8bd27d6861b2.jpg,0
frame_0137.jpg,0
frame_0123.jpg,0
30_jpg.rf.a0183a273cdd3296043ca8390f357095.jpg,0
v1_3_jpg.rf.394b8aff759ffabd4ac6e9ce94e48aae.jpg,0
v1_83_jpg.rf.0b1ec9a1645fa8b770a54b30c8b0b2d2.jpg,0
000501.jpg,0
v1_62_jpg.rf.1e142b0d4dac284cf9855174fdc80be3.jpg,0
v2_18_jpg.rf.e5ceb351820e5f79b3ee8b574fc1bfdf.jpg,0
v1_17_jpg.rf.a99bc34b6d39edf8b976aa72f38ca2ec.jpg,0
v1_0_jpg.rf.46eabe2e500d90be9d3cd75a2fe44ce1.jpg,0
000449.jpg,0
frame_0043.jpg,0
frame_0057.jpg,0
v1_50_jpg.rf.a57772c0b4674992df813836d16331d6.jpg,0
48_jpg.rf.0cf282de177fc3b49592d772dbdc1179.jpg,0
frame_0080.jpg,0
frame_0094.jpg,0
frame_0082.jpg,0
v1_83_jpg.rf.b25860a3117e997fa6f8f3eca98ef6b2.jpg,0
v2_14_jpg.rf.b72e2450fa7e84b6ba8349c4f2aad64b.jpg,0
frame_0096.jpg,0
frame_0069.jpg,0
frame_0041.jpg,0
frame_0055.jpg,0
26_jpg.rf.cddfea485a02125ee8ca5da62869309c.jpg,0
41_jpg.rf.d4d0ce86659edb96eb1ca4918c386d6d.jpg,0
000488.jpg,0
v1_59_jpg.rf.588ad873539a56543889400694be63a5.jpg,0
19_jpg.rf.9f6848086e06443cc6eb97d031a2bd08.jpg,0
9_jpg.rf.26d18d03d7c58d0b89a007fd5b9b75cc.jpg,0
v1_40_jpg.rf.afca2e07da5ae418028a87365529cb86.jpg,0
v1_49_jpg.rf.c7d91dd1c7b04715f968432a558793d9.jpg,0
000503.jpg,0
v1_26_jpg.rf.8fd09b0118c5f77b595b7642ad1d1ced.jpg,0
42_jpg.rf.fba9c578fb77a1b98da06006fdad3d03.jpg,0
35_jpg.rf.f3b982d5172430835531b316692f6cdb.jpg,0
v1_25_jpg.rf.07f1db99ead2594a645f95f90045f6b9.jpg,0
v1_54_jpg.rf.839af654ed66f93b7849d578c002fa4e.jpg,0
42_jpg.rf.f2c9388eeeef420de09589ef0b9c785c.jpg,0
v2_26_jpg.rf.6bdc8be021236a1d1550179a714958da.jpg,0
v1_5_jpg.rf.4848badcb44eeb6c93d26562348b979b.jpg,0
frame_0109.jpg,0
frame_0135.jpg,0
39_jpg.rf.b556763e24292b4908dbbec44bdad9a9.jpg,0
frame_0121.jpg,0
v1_41_jpg.rf.2f15b4c85a92e82af53a41db5eb8fb6c.jpg,0
v1_45_jpg.rf.09ea4d55d4798e94a1c85fda4418b06e.jpg,0
frame_0120.jpg,0
frame_0134.jpg,0
v1_63_jpg.rf.cc3d9e6bde129eac1274870d17cdcd21.jpg,0
v1_46_jpg.rf.4087765dfa667808cf35c227fd0fb3d8.jpg,0
41_jpg.rf.d1c1989081329b1c705e53d5b9c4664b.jpg,0
frame_0108.jpg,0
v1_14_jpg.rf.cea51550d6263788c2096354e9c958a5.jpg,0
v1_30_jpg.rf.6f8e944f2b9cfc818c0cb03c40b3a9d0.jpg,0
v2_16_jpg.rf.5b23fd54ed0becda2c0c9d487fdea3e0.jpg,0
v2_0_jpg.rf.cd7ca88185603ba61c475afb6988335d.jpg,0
v2_25_jpg.rf.198df481675a9b1dff63e02e6d07f25e.jpg,0
v1_85_jpg.rf.0cc9770cce3b241ccc5826af766d7df4.jpg,0
v2_29_jpg.rf.f6d36f15375d36d49969462cac2e4b01.jpg,0
000502.jpg,0
v1_17_jpg.rf.4738c62752f4a6254e9f7779b04d2511.jpg,0
000489.jpg,0
v1_54_jpg.rf.0ef3fc740fb285c54b853b47f142c55f.jpg,0
31_jpg.rf.759b55a33010890afc41381c118b8a3c.jpg,0
v2_0_jpg.rf.9b7d27b4d12160dc07b92d77c8b9473e.jpg,0
v1_3_jpg.rf.9d3d5c71a492f367f15f94b6d9f97c67.jpg,0
frame_0054.jpg,0
v1_61_jpg.rf.ca506ae75e252b84b19343f53981efc7.jpg,0
frame_0040.jpg,0
frame_0068.jpg,0
v2_19_jpg.rf.53ad0c81af698125246a352cc389c12b.jpg,0
20_jpg.rf.3ceff05f570ccebd02edf3b9e6c40910.jpg,0
frame_0097.jpg,0
v1_21_jpg.rf.124b633e05a6ce4dbc7ba5bd0c960ab5.jpg,0
frame_0083.jpg,0
v1_85_jpg.rf.e1415b3f7f55ed533a580e20cc119929.jpg,0
frame_0087.jpg,0
frame_0093.jpg,0
26_jpg.rf.cc023cfe69ac696b3bd596ff8aadf05b.jpg,0
frame_0044.jpg,0
frame_0050.jpg,0
frame_0078.jpg,0
3_jpg.rf.e88f2401760e6c8b1f6cd26839566abc.jpg,0
10_jpg.rf.b9ed451f583f8e864e28b06ae9ba6ca0.jpg,0
000499.jpg,0
000512.jpg,0
000506.jpg,0
v2_12_jpg.rf.b9227f9a4e5687d19477d26c17abd1bb.jpg,0
v1_43_jpg.rf.1e026c44779484e80c06d27c36481721.jpg,0
v1_75_jpg.rf.ac844bb818e3f603f9e017c870dc3969.jpg,0
14_jpg.rf.1a2f973ec548de9e3b0f287869239f05.jpg,0
v1_26_jpg.rf.9554ef6d7589e2852b169ddb2b994735.jpg,0
31_jpg.rf.655f79e538ba5af21f998e7389a28c72.jpg,0
frame_0130.jpg,0
frame_0124.jpg,0
v1_69_jpg.rf.469df17b6b534ea225c1fb78e07d49b2.jpg,0
frame_0118.jpg,0
38_jpg.rf.9f53e1b8823a0029a998da957b7d29a6.jpg,0
frame_0119.jpg,0
v2_25_jpg.rf.bd20b952bd09290810e60736e1c55cf1.jpg,0
v1_9_jpg.rf.ea6cebefa24467e1954fb88052a47f7f.jpg,0
frame_0125.jpg,0
v2_14_jpg.rf.737477b9e2a3e03bea05682cf7d9a559.jpg,0
32_jpg.rf.71b4b54b350ceb196b79ec9489136360.jpg,0
frame_0131.jpg,0
44_jpg.rf.1c08baeef1ca834f74ac96a47706fa4d.jpg,0
v2_23_jpg.rf.02a8b8634838a4f19cdebda8d3aa3cb7.jpg,0
23_jpg.rf.9996c18abc98ed0625aefe62e895d4c7.jpg,0
49_jpg.rf.654e417dc6eb9f7792fc91e9520d27ac.jpg,0
v1_79_jpg.rf.82d7e2b2cdcf4fadedf99b75d440a450.jpg,0
v1_20_jpg.rf.d13cc6ca964e342d5989c7f93738f5c4.jpg,0
v2_26_jpg.rf.2bd50c7d04c29816040e6e28d3d52459.jpg,0
000507.jpg,0
v2_16_jpg.rf.e7e6a89cced14a5b91a954ffc190e21f.jpg,0
v1_11_jpg.rf.e13db35744df68263f258f779398ffcf.jpg,0
000513.jpg,0
v1_16_jpg.rf.5ee49bf8b93e6fde9916b2dd0431c3b3.jpg,0
000498.jpg,0
v2_17_jpg.rf.b31b8e1c3d47655a3fb4dbfff878245c.jpg,0
v2_27_jpg.rf.ef6ad6523c1efc384408307ce814bc2a.jpg,0
v1_2_jpg.rf.b19127bedd08b655f45382cd94ed6319.jpg,0
25_jpg.rf.a6ae06865f978877fb60f08e213bab33.jpg,0
frame_0079.jpg,0
frame_0051.jpg,0
frame_0045.jpg,0
17_jpg.rf.1eb20030616483b860826a91c5408b02.jpg,0
frame_0092.jpg,0
v1_25_jpg.rf.49b99a4e752debec443611f95b070cfd.jpg,0
v2_10_jpg.rf.6c9ec979a2cdd82c098372d4f880bc53.jpg,0
frame_0086.jpg,0
frame_0090.jpg,0
frame_0084.jpg,0
29_jpg.rf.402ef40ef636749bd3713ebc6680fe6f.jpg,0
v1_45_jpg.rf.25b224e69195e3b8f1e1a5cb09323150.jpg,0
frame_0053.jpg,0
frame_0047.jpg,0
v2_29_jpg.rf.fee3a197c03c1e25e5d6accf999a74db.jpg,0
v1_21_jpg.rf.d340208e42cdb1b84bf5a4a361df3c69.jpg,0
v1_42_jpg.rf.0714a24c36bedf99dbb70af53e629676.jpg,0
v1_7_jpg.rf.dc14228264452384497204dbc1296fbb.jpg,0
7_jpg.rf.967273abb1d7aa64f8e5f2387b72e18c.jpg,0
000505.jpg,0
000511.jpg,0
46_jpg.rf.3162eae9170826dbfc53e339f32112a2.jpg,0
v1_35_jpg.rf.732452537169052c072539905bc2d44a.jpg,0
v1_33_jpg.rf.c0cce3bbdd3bfbe09f24a614b7e9d949.jpg,0
24_jpg.rf.086224982f7246a9cfe8b297ba02ad0d.jpg,0
13_jpg.rf.79c310c2887e0da0e16b689cda82d1d0.jpg,0
frame_0127.jpg,0
45_jpg.rf.bc7729b4aacbe8f5e654c9363d11495f.jpg,0
frame_0133.jpg,0
frame_0132.jpg,0
v1_77_jpg.rf.bce42773b78606b6749d9c590ece223c.jpg,0
frame_0126.jpg,0
27_jpg.rf.b0d7914815f56fa479a3f688ad45753f.jpg,0
v1_2_jpg.rf.35d58e944b75ed4d754b20290b72887c.jpg,0
16_jpg.rf.0611f01e9aa0d524c108b92bf25ad64c.jpg,0
000510.jpg,0
v1_81_jpg.rf.cbc6900ee76f329da2a4bf52feb7d3e4.jpg,0
000504.jpg,0
40_jpg.rf.fa3fa0c52b4ac46e55502a2d364eb892.jpg,0
000458.jpg,0
v1_9_jpg.rf.d576fa5b75386ae8cb0d13e94df459dd.jpg,0
v1_44_jpg.rf.8cb35adf0256d84a0da4af3716dceb9d.jpg,0
frame_0046.jpg,0
frame_0052.jpg,0
v1_66_jpg.rf.20f5974cb481e491d9d71dd0990481df.jpg,0
frame_0085.jpg,0
frame_0091.jpg,0
8_jpg.rf.ac8d24347d9ce55955b88ca08b1dccfa.jpg,0
40_jpg.rf.c9d987c0807413df85b0dcb27868c0bd.jpg,0
frame_0009.jpg,0
v1_39_jpg.rf.324fb6274d24140401a1a7c381364bd3.jpg,0
frame_0035.jpg,0
frame_0021.jpg,0
000417.jpg,0
v1_17_jpg.rf.d2f7d0ce5364f99758987a966ecaf494.jpg,0
v2_24_jpg.rf.1cd58c3ad2b6092c587f52e491c8064e.jpg,0
8_jpg.rf.0660ae0d81f328431c063adeb83d1cf8.jpg,0
v1_32_jpg.rf.20143a1d55d7af39fd03cadc8c517cfc.jpg,0
24_jpg.rf.30b7bed13b8d64eae498cbc373471cb5.jpg,0
v1_26_jpg.rf.be493cfb92666f2190e1b3dd0e2a1707.jpg,0
v1_60_jpg.rf.10cfbc421b9db3a00a66e2f23b631d9d.jpg,0
v1_27_jpg.rf.bf193eec1877450d47c68c74c66592d9.jpg,0
v2_2_jpg.rf.6ba5cdd4d2816d3454682ad8282e903a.jpg,0
frame_0182.jpg,0
frame_0196.jpg,0
frame_0169.jpg,0
frame_0141.jpg,0
frame_0155.jpg,0
frame_0154.jpg,0
v2_23_jpg.rf.9491662c10cfaae83120dcbd28597d8d.jpg,0
frame_0140.jpg,0
frame_0168.jpg,0
v1_56_jpg.rf.5b3d4fe935f9b2541a7fd6bc259606fe.jpg,0
v2_24_jpg.rf.5658603b1619df9965f428908272eca3.jpg,0
frame_0197.jpg,0
frame_0183.jpg,0
v2_21_jpg.rf.5a1e8fe890a003e21b455688b69a15ce.jpg,0
38_jpg.rf.2fe883affc08a2377241bdb289c57941.jpg,0
10_jpg.rf.a054322d0c63a83fddb2c4acd0d49ba3.jpg,0
v1_79_jpg.rf.1a692bdbffb90f3cde69ffae544b8c87.jpg,0
v1_69_jpg.rf.ec3a76ce19f7afd90c1795d0948bdc1e.jpg,0
v1_74_jpg.rf.ebafa929efaa944fbb0992f0d34f5302.jpg,0
v1_39_jpg.rf.b9ba6e4e380bdd57f5e835a15eb3a9ec.jpg,0
11_jpg.rf.350a19622aecfdf2c5420983e028a49a.jpg,0
v1_14_jpg.rf.a48a6d2ba6ef35a0e34ddd4064874bdb.jpg,0
000416.jpg,0
34_jpg.rf.727d0efeeabb221b34c998136a118274.jpg,0
frame_0020.jpg,0
frame_0034.jpg,0
2_jpg.rf.6f2f2a312d0d20762d2adf4cfb11e578.jpg,0
frame_0008.jpg,0
9_jpg.rf.845ea1214ef66fedbd28f3e015f0e528.jpg,0
v1_48_jpg.rf.e11f17debe8d1584b580fc0f74367f0f.jpg,0
v2_21_jpg.rf.f73820daae22f6f263f51027666d66e0.jpg,0
v1_82_jpg.rf.098a26fd3260315afc7695e290cf8d88.jpg,0
v1_64_jpg.rf.0261d0e9be263ddbbbe96c6be3ef8a27.jpg,0
v2_14_jpg.rf.b322cc46eb09481feebd4b316fa3c7c5.jpg,0
v1_51_jpg.rf.46e1f24a3956851d9da1d5d958dd8081.jpg,0
frame_0022.jpg,0
frame_0036.jpg,0
000428.jpg,0
1_jpg.rf.47f3310249064b52730b29d4b730880e.jpg,0
30_jpg.rf.ab430424593382910a25e17c11957b46.jpg,0
000414.jpg,0
v1_37_jpg.rf.99caea4f23b00caad12f1191feea8c4f.jpg,0
22_jpg.rf.134fb524de8235bc2fecb26275734c83.jpg,0
frame_0208.jpg,0
v1_43_jpg.rf.82d87ecfb5169ccbd2910140dffbf833.jpg,0
33_jpg.rf.3c4a53fd849bffdb3563147f68265c02.jpg,0
29_jpg.rf.5fc540ee7c4129664b6d12e6f468f587.jpg,0
v1_48_jpg.rf.ccfac4d748645ba01d6622b681458715.jpg,0
v1_67_jpg.rf.27ece8325e57abb8bea05b7f89c81184.jpg,0
v1_18_jpg.rf.367c42f2c3ace3226fdb5dab62321287.jpg,0
48_jpg.rf.3673c8995249696bc6ea3db240723817.jpg,0
v1_24_jpg.rf.958ee46c106b44e1d4e309238bb5a811.jpg,0
v2_2_jpg.rf.6d9ef3351000d4544fd5a77420cc95e2.jpg,0
frame_0195.jpg,0
v1_65_jpg.rf.66547718b290b17132b50bdd65306470.jpg,0
frame_0181.jpg,0
frame_0156.jpg,0
frame_0142.jpg,0
frame_0143.jpg,0
frame_0157.jpg,0
frame_0180.jpg,0
frame_0194.jpg,0
v1_57_jpg.rf.b074f0be89428adb4e80c91dbdada227.jpg,0
v1_40_jpg.rf.bb742007871b0765f1d942b17a9d8747.jpg,0
v2_28_jpg.rf.1164060fac940ed5e5196877b45299f7.jpg,0
v1_4_jpg.rf.1715628dac1f9658ef3f8604f67b5296.jpg,0
v2_25_jpg.rf.bee60178279f70b7a8e1f2a5a4e5fe02.jpg,0
v1_23_jpg.rf.683aad70271c786ab150e12cc36a1a60.jpg,0
v1_31_jpg.rf.0c4612b9dd85cdcf88fc9391e99c704e.jpg,0
v1_10_jpg.rf.3b907bdf8fa9326f1c4d1bccad9b122c.jpg,0
v1_52_jpg.rf.a829ebe2f263ea1061461f9b96821fc1.jpg,0
20_jpg.rf.9d18d2e0eb14e76b61c12c2f7aa102a4.jpg,0
frame_0209.jpg,0
v1_34_jpg.rf.925c05bff2bf88b6355fa7dca670e468.jpg,0
000415.jpg,0
000429.jpg,0
v1_48_jpg.rf.86c68bd281540f76340f0daa55b95ddd.jpg,0
frame_0037.jpg,0
v2_15_jpg.rf.16b3d6e0e98f74659dbab153436596f1.jpg,0
frame_0023.jpg,0
v2_12_jpg.rf.b94c7a584f38238260e831ea1d1fb516.jpg,0
34_jpg.rf.a63dc6d71f14530074880195bf3764e7.jpg,0
v1_3_jpg.rf.263c4e5fd023d9651b711446bd712568.jpg,0
18_jpg.rf.0c2097691e9b5b50bc6441d708bc9518.jpg,0
v2_20_jpg.rf.c2cf372604fc6cadf0474afe02ee2e99.jpg,0
v1_84_jpg.rf.f431b2132039d267710960b72a15a496.jpg,0
v2_15_jpg.rf.a695c7ab1f8b6bbc1c4240db7f79a516.jpg,0
v1_80_jpg.rf.177543e54f153fd0a7a9a9b669c89121.jpg,0
v2_18_jpg.rf.3321d88f278670ed07b2cb22417e131b.jpg,0
frame_0027.jpg,0
9_jpg.rf.6dbbc23cd4beb63c457805e4c242dd32.jpg,0
frame_0033.jpg,0
v2_10_jpg.rf.6aa7e7e45bad808b45fd855b7fd23536.jpg,0
v1_81_jpg.rf.899a2bc7ca3f1ce5b5e07a04bf6fab7f.jpg,0
v1_41_jpg.rf.81f81c1d9616ccc314f6010c313f849c.jpg,0
000411.jpg,0
000439.jpg,0
v1_21_jpg.rf.984b628aff3b6437a94cebd8ad2ed24d.jpg,0
v1_29_jpg.rf.aa7be922a1988c196d7963f1a8c7376a.jpg,0
v2_29_jpg.rf.baab5ab30f47ae67522da9f04ecc2f04.jpg,0
v1_65_jpg.rf.83e4b35bf82e362426596166574195f3.jpg,0
v1_44_jpg.rf.73db333cdbd030f6b4062bf26c151453.jpg,0
v1_8_jpg.rf.e8ed62909056edd63afdd2c491f184ae.jpg,0
v1_85_jpg.rf.27c98774a162259efa5af7dde7092264.jpg,0
frame_0190.jpg,0
frame_0184.jpg,0
13_jpg.rf.b4df4a7016940d5c8da8e988a8bef165.jpg,0
v1_13_jpg.rf.8fe6dd0f851f3ee7919859ccdf121480.jpg,0
frame_0153.jpg,0
frame_0147.jpg,0
v1_16_jpg.rf.2205f769e8eeb68e25080a3495bd3fdd.jpg,0
frame_0146.jpg,0
frame_0152.jpg,0
frame_0185.jpg,0
frame_0191.jpg,0
v1_0_jpg.rf.0351e0b1716f2e5957b1fbb829fff4fc.jpg,0
v1_68_jpg.rf.5495e7a52ffe53a93bbc68510da8ce7d.jpg,0
37_jpg.rf.5789b51e40b6c3e03a5c39f5f5254d22.jpg,0
v1_52_jpg.rf.db6385ef2108bc7b3ccadcd64b54f2b6.jpg,0
v2_11_jpg.rf.272d01c52efe8131d8359242f5ec35c2.jpg,0
v1_64_jpg.rf.fc99de6cdda5203995c22c16c9e54098.jpg,0
39_jpg.rf.44b6d5f071eed643d4bd1bf8d7186518.jpg,0
10_jpg.rf.5a63911fc8d37814988a5598f7122640.jpg,0
19_jpg.rf.09c5f311fcd0571a024ce1322ccf0ee9.jpg,0
000438.jpg,0
v1_74_jpg.rf.6870a30b63a1a8573bccb2be94c0c6fd.jpg,0
000410.jpg,0
v1_73_jpg.rf.1ffc781d9e41d692f1320850eba6e4b2.jpg,0
5_jpg.rf.b1ed0740db1847146442db5883468f97.jpg,0
v1_10_jpg.rf.fe5f91dee409b3496fd5131e774dbf48.jpg,0
frame_0032.jpg,0
frame_0026.jpg,0
35_jpg.rf.53589340298b2ae6d33af91e17755c88.jpg,0
v1_53_jpg.rf.1e5887394591b31ef11f29aa8a945189.jpg,0
v1_40_jpg.rf.a890754fd987a55b35e7c9b3ece7f49d.jpg,0
3_jpg.rf.37e1fd79f3c1f9f125f4d440f8e4233a.jpg,0
46_jpg.rf.b799b143802f613a410689c011fa472a.jpg,0
v1_83_jpg.rf.8cee758dc7ac4662ae35f5111b037537.jpg,0
frame_0030.jpg,0
v1_71_jpg.rf.88ed13ceba4e477189c0c966d879876c.jpg,0
frame_0024.jpg,0
v1_82_jpg.rf.bfa0b0fc637d5f6d15aabd0681d3ccc0.jpg,0
frame_0018.jpg,0
000412.jpg,0
v1_38_jpg.rf.d2d51d2918803d4ef5a542fee51a92af.jpg,0
v1_22_jpg.rf.ae289dfd7fac6b6eb21e0d9aba782c1f.jpg,0
v1_52_jpg.rf.cfec627ad68aa0c98d620b214e0a0f30.jpg,0
v1_5_jpg.rf.1cd35fea6d30b7a90b48806dc1ff32ab.jpg,0
v1_11_jpg.rf.e8558662db5a9a4c961a81af131bc51c.jpg,0
v1_63_jpg.rf.937a872b0e5fdf73e1a3206de783da86.jpg,0
v1_62_jpg.rf.92fff596e7a4cacae00c208387dd40d3.jpg,0
v1_67_jpg.rf.09f603fc054d6ee33707bad55a8bdd4f.jpg,0
21_jpg.rf.20b7f42778f94088d7d98bad642fd999.jpg,0
v1_39_jpg.rf.38a6a299299edfa023ed981718cfdde3.jpg,0
frame_0187.jpg,0
v1_41_jpg.rf.ff1a263425a0c7860b5518e29fecb695.jpg,0
31_jpg.rf.65b018214e507d70d6b68901d875a6df.jpg,0
frame_0193.jpg,0
frame_0144.jpg,0
frame_0150.jpg,0
frame_0178.jpg,0
v2_27_jpg.rf.ef5108e83be7e291a71039b67514e2e4.jpg,0
frame_0179.jpg,0
v2_24_jpg.rf.cd1dc933948901385134b3e9de846010.jpg,0
frame_0151.jpg,0
frame_0145.jpg,0
v1_53_jpg.rf.92b66a096ef739abbdb2cfb6dd704e9b.jpg,0
frame_0192.jpg,0
v1_27_jpg.rf.ad60210c4dd36ef0ccb0489717cd40d9.jpg,0
frame_0186.jpg,0
45_jpg.rf.31e01359aae8a494972ac969c4d5e1e9.jpg,0
33_jpg.rf.8e748cd10d05174789bc0e848bccd765.jpg,0
v2_19_jpg.rf.cc7e341fca24f94ee01ae9deadd6f214.jpg,0
2_jpg.rf.2dde78921dc245692d3bf9cf31c376a0.jpg,0
v2_2_jpg.rf.42dfcec6b6980347ed30ccae8bb640f5.jpg,0
43_jpg.rf.8eeaf40645467745baf5f14ecae6b315.jpg,0
34_jpg.rf.06fd0b6930098371a8be4c3b5537f6a1.jpg,0
000413.jpg,0
frame_0019.jpg,0
v1_78_jpg.rf.093e2eb0a4fd303122b12ab202e4b617.jpg,0
40_jpg.rf.bf3208af2b6a3fa98d2fbd0ee9032a0c.jpg,0
frame_0025.jpg,0
frame_0031.jpg,0
v1_58_jpg.rf.e7bbab80e3be0d4a6ec7fa13ff72d9ed.jpg,0
v1_28_jpg.rf.657780c29ee05912326af848ad563801.jpg,0
v1_47_jpg.rf.11ab8948258be0245f8273cce5be117e.jpg,0
